{"cameraMode":{"drawMode":0,"name":"Shaded","section":"Shading Mode"},"sceneLighting":true,"audioPlay":false,"sceneViewState":{"showFog":true,"showMaterialUpdate":false,"showSkybox":true,"showFlares":true,"showImageEffects":true,"showParticleSystems":true},"in2DMode":false,"pivot":{"x":14.845959663391114,"y":10.248598098754883,"z":-40.10619354248047},"rotation":{"x":-0.23647472262382508,"y":0.02389681525528431,"z":-0.005817795637995005,"w":-0.9713263511657715},"size":23.172142028808595,"orthographic":false}