{"cameraMode":{"drawMode":0,"name":"Shaded","section":"Shading Mode"},"sceneLighting":true,"audioPlay":false,"sceneViewState":{"showFog":true,"showMaterialUpdate":false,"showSkybox":true,"showFlares":true,"showImageEffects":true,"showParticleSystems":true},"in2DMode":false,"pivot":{"x":0.30557775497436526,"y":2.854705810546875,"z":10.829486846923829},"rotation":{"x":0.1469428688287735,"y":-0.17993685603141786,"z":0.027194801717996599,"w":0.9722607731819153},"size":3.757883310317993,"orthographic":false}